{
    "1": {
        "precision": 0.6473504954321928,
        "recall": 0.6954477934286509,
        "count": 37
    },
    "2": {
        "precision": 0.6397586198144719,
        "recall": 0.6962099868169553,
        "count": 45
    },
    "3": {
        "precision": 0.6624824080690975,
        "recall": 0.7816572329476305,
        "count": 11
    },
    "4": {
        "precision": 0.629082284254698,
        "recall": 0.7759016577060932,
        "count": 4
    },
    "5": {
        "precision": 0.5546757164404224,
        "recall": 0.5467171717171717,
        "count": 4
    }
}