{
    "Vehicle Traffic": {
        "precision": 0.617312204181914,
        "recall": 0.7274037171438985,
        "count": 72
    },
    "Confidentiality and security": {
        "precision": 0.32608695652173914,
        "recall": 0.75,
        "count": 1
    },
    "Aerospace": {
        "precision": 0.66,
        "recall": 0.6904761904761905,
        "count": 2
    },
    "Systems Engineering": {
        "precision": 0.5862068965517241,
        "recall": 0.5869565217391305,
        "count": 1
    },
    "Water resource transportation": {
        "precision": 0.5,
        "recall": 0.7692307692307693,
        "count": 1
    },
    "Information Management": {
        "precision": 0.7233537683848242,
        "recall": 0.49220004485310603,
        "count": 7
    },
    "Medical Health": {
        "precision": 0.7058823529411765,
        "recall": 1.0,
        "count": 1
    },
    "Simulation Calculation": {
        "precision": 0.7697368421052632,
        "recall": 1.0,
        "count": 2
    },
    "Energy materials": {
        "precision": 0.8571428571428571,
        "recall": 0.6623093681917211,
        "count": 3
    },
    "Network Communication": {
        "precision": 0.7377049180327868,
        "recall": 0.69,
        "count": 2
    },
    "Photography Technique": {
        "precision": 0.7402626396319537,
        "recall": 0.591979083653835,
        "count": 7
    },
    "Fault diagnosis": {
        "precision": 0.523581429624171,
        "recall": 0.5666666666666667,
        "count": 2
    }
}