{
    "Enumeration": {
        "precision": 0.32608695652173914,
        "recall": 0.75,
        "count": 1
    },
    "Part": {
        "precision": 0.4969245701223462,
        "recall": 0.7972803065720316,
        "count": 6
    },
    "Port": {
        "precision": 0.32,
        "recall": 1.0,
        "count": 1
    },
    "Function-based Behavior": {
        "precision": 0.6022184083396899,
        "recall": 0.8777747442343715,
        "count": 7
    },
    "Interface": {
        "precision": 0.5,
        "recall": 0.7692307692307693,
        "count": 1
    },
    "State-based Behavior": {
        "precision": 0.16666666666666666,
        "recall": 0.1111111111111111,
        "count": 1
    },
    "Variant Configuration": {
        "precision": 0.8171428571428572,
        "recall": 0.5790598290598291,
        "count": 2
    },
    "Requirement": {
        "precision": 0.5578122134604805,
        "recall": 0.5567965367965368,
        "count": 4
    },
    "Verification": {
        "precision": 0.8888888888888888,
        "recall": 0.6677018633540373,
        "count": 2
    },
    "Analysis and Trade": {
        "precision": 0.5988304093567252,
        "recall": 0.9523809523809524,
        "count": 3
    },
    "View and Viewpoint": {
        "precision": 0.26666666666666666,
        "recall": 0.6153846153846154,
        "count": 1
    },
    "Dependency": {
        "precision": 0.5222727272727273,
        "recall": 0.5195911698012539,
        "count": 3
    },
    "Model Constrainment": {
        "precision": 0.5273833671399595,
        "recall": 0.9807692307692308,
        "count": 2
    },
    "Binding Connector": {
        "precision": 0.82,
        "recall": 0.9565217391304348,
        "count": 1
    },
    "Language Extension": {
        "precision": 0.5405340303201068,
        "recall": 0.6229559748427672,
        "count": 4
    },
    "Expression": {
        "precision": 0.7365883454209259,
        "recall": 0.7405215046391518,
        "count": 17
    },
    "SequenceModeling": {
        "precision": 0.9375,
        "recall": 0.5756521739130435,
        "count": 2
    },
    "Flow Connection": {
        "precision": 0.44627192982456143,
        "recall": 0.375,
        "count": 2
    },
    "Action Definition": {
        "precision": 0.7120239623448866,
        "recall": 0.405657962109575,
        "count": 3
    },
    "Action": {
        "precision": 0.2631578947368421,
        "recall": 0.8,
        "count": 1
    },
    "Conditional Succession": {
        "precision": 0.782608695652174,
        "recall": 0.5714285714285714,
        "count": 1
    },
    "Control Structure": {
        "precision": 1.0,
        "recall": 0.5635622492240139,
        "count": 4
    },
    "Message": {
        "precision": 1.0,
        "recall": 0.8947368421052632,
        "count": 1
    },
    "State Definition": {
        "precision": 0.28125,
        "recall": 0.8095238095238095,
        "count": 1
    },
    "State": {
        "precision": 0.3538011695906432,
        "recall": 0.561965811965812,
        "count": 2
    },
    "Transition": {
        "precision": 0.45645491803278687,
        "recall": 0.685,
        "count": 2
    },
    "Occurrence": {
        "precision": 0.7618406285072953,
        "recall": 0.8461268267784225,
        "count": 6
    },
    "Individual": {
        "precision": 0.6886363636363637,
        "recall": 0.48571428571428565,
        "count": 2
    },
    "Calculation": {
        "precision": 0.6023116438356164,
        "recall": 0.8213675213675213,
        "count": 2
    },
    "Constraint": {
        "precision": 0.6919020605281966,
        "recall": 0.6330309316552357,
        "count": 6
    },
    "Analysis": {
        "precision": 0.7147435897435898,
        "recall": 0.8333333333333333,
        "count": 2
    },
    "Use Case": {
        "precision": 0.8,
        "recall": 0.7575757575757576,
        "count": 1
    },
    "Variability": {
        "precision": 0.36019736842105265,
        "recall": 0.44191919191919193,
        "count": 2
    },
    "Functional Allocation": {
        "precision": 0.7777777777777778,
        "recall": 0.7,
        "count": 1
    },
    "Metadata": {
        "precision": 0.32142857142857145,
        "recall": 1.0,
        "count": 1
    },
    "View": {
        "precision": 0.8,
        "recall": 0.9411764705882353,
        "count": 1
    },
    "Package": {
        "precision": 0.7084183673469387,
        "recall": 0.63,
        "count": 2
    }
}